0,0.0,0.0,-0.40366971492767334,0.0,-0.7706422209739685,-0.11009174585342407,-0.853210985660553,-0.29357796907424927,-0.7339449524879456,-0.5412843823432922,-0.8440366983413696,-0.8623853325843811,-1.0,-0.5137614607810974,-0.9082568883895874,-0.2110091745853424,-0.8256880640983582,-0.12844036519527435,-0.47706422209739685,-0.9908257126808167,-0.47706422209739685,-0.20183485746383667,-0.5321100950241089,0.08256880939006805,-0.60550457239151,0.055045872926712036,-0.0917431190609932,-0.9266055226325989,-0.10091742873191833,-0.1376146823167801,-0.19266055524349213,0.0,-0.29357796907424927,-0.12844036519527435,0.2293577939271927,-0.7706422209739685,0.19266055524349213,-0.19266055524349213,0.12844036519527435,-0.07339449226856232,0.07339449226856232,-0.1651376187801361
0,0.0,0.0,-0.38596490025520325,0.017543859779834747,-0.7368420958518982,-0.07017543911933899,-0.8333333134651184,-0.2368421107530594,-0.7368420958518982,-0.5,-0.8508771657943726,-0.7894737124443054,-1.0,-0.38596490025520325,-0.8859649300575256,-0.12280701845884323,-0.7894737124443054,-0.09649122506380081,-0.5,-0.9122806787490845,-0.5,-0.1666666716337204,-0.5,0.09649122506380081,-0.5526315569877625,0.017543859779834747,-0.14035087823867798,-0.859649121761322,-0.14035087823867798,-0.1315789520740509,-0.2368421107530594,0.05263157933950424,-0.3333333432674408,-0.05263157933950424,0.17543859779834747,-0.719298243522644,0.15789473056793213,-0.19298245012760162,0.07017543911933899,-0.035087719559669495,0.017543859779834747,-0.09649122506380081
0,0.0,0.0,-0.4035087823867798,0.035087719559669495,-0.7631579041481018,-0.04385964944958687,-0.859649121761322,-0.21052631735801697,-0.7543859481811523,-0.4649122953414917,-0.8684210777282715,-0.7543859481811523,-1.0,-0.28947368264198303,-0.8771929740905762,-0.02631578966975212,-0.7894737124443054,-0.05263157933950424,-0.5175438523292542,-0.8684210777282715,-0.5175438523292542,-0.07894736528396606,-0.5,0.1315789520740509,-0.5350877046585083,0.0,-0.15789473056793213,-0.8157894611358643,-0.14912280440330505,-0.04385964944958687,-0.2368421107530594,0.07894736528396606,-0.3070175349712372,-0.07017543911933899,0.15789473056793213,-0.6666666865348816,0.12280701845884323,-0.11403508484363556,0.04385964944958687,-0.02631578966975212,0.017543859779834747,-0.14035087823867798
0,0.0,0.0,-0.37719297409057617,0.04385964944958687,-0.7280701994895935,0.008771929889917374,-0.8684210777282715,-0.10526315867900848,-0.8070175647735596,-0.34210526943206787,-0.8333333134651184,-0.6315789222717285,-1.0,-0.2368421107530594,-0.8947368264198303,0.02631578966975212,-0.7982456088066101,0.07894736528396606,-0.5087719559669495,-0.7543859481811523,-0.5087719559669495,0.061403509229421616,-0.4649122953414917,0.31578946113586426,-0.4736842215061188,0.24561403691768646,-0.14912280440330505,-0.7017543911933899,-0.15789473056793213,0.08771929889917374,-0.21052631735801697,0.21929824352264404,-0.25438597798347473,0.09649122506380081,0.15789473056793213,-0.5614035129547119,0.11403508484363556,-0.008771929889917374,0.07017543911933899,0.061403509229421616,0.05263157933950424,-0.061403509229421616
0,0.0,0.0,-0.3928571343421936,-0.06428571790456772,-0.6642857193946838,-0.3928571343421936,-0.7142857313156128,-0.7428571581840515,-0.6857143044471741,-1.0,-0.699999988079071,-0.5571428537368774,-0.8214285969734192,-0.8857142925262451,-0.7142857313156128,-0.8357142806053162,-0.5928571224212646,-0.6857143044471741,-0.4642857015132904,-0.6357142925262451,-0.44285714626312256,-0.8357142806053162,-0.3214285671710968,-0.5571428537368774,-0.27142858505249023,-0.30000001192092896,-0.22857142984867096,-0.6714285612106323,-0.20714285969734192,-0.8071428537368774,-0.12142857164144516,-0.5,-0.11428571492433548,-0.2785714268684387,0.0,-0.6714285612106323,-0.0071428571827709675,-0.8142856955528259,0.0357142873108387,-0.5928571224212646,0.0357142873108387,-0.44285714626312256
0,0.0,0.0,-0.21854305267333984,-0.19205297529697418,-0.2781457006931305,-0.5364238619804382,-0.16556291282176971,-0.7947019934654236,-0.046357616782188416,-1.0,-0.125827819108963,-0.695364236831665,-0.1589404046535492,-0.8940397500991821,-0.2450331151485443,-0.9205297827720642,-0.33774834871292114,-0.8476821184158325,0.0397351011633873,-0.6887417435646057,-0.05960264801979065,-0.8741722106933594,-0.18543046712875366,-0.6423841118812561,-0.2450331151485443,-0.42384105920791626,0.21854305267333984,-0.6357616186141968,0.07284767925739288,-0.7814569473266602,-0.0397351011633873,-0.503311276435852,-0.08609271794557571,-0.2847682237625122,0.4039735198020935,-0.5496688485145569,0.2384105920791626,-0.7086092829704285,0.14569535851478577,-0.5099337697029114,0.125827819108963,-0.3509933650493622
0,0.0,0.0,-0.29032257199287415,-0.06451612710952759,-0.6064516305923462,0.05161290243268013,-0.8064516186714172,0.23225806653499603,-0.948387086391449,0.38064515590667725,-0.774193525314331,-0.05161290243268013,-1.0,0.25806450843811035,-0.8774193525314331,0.2967741787433624,-0.7806451320648193,0.23225806653499603,-0.6193548440933228,0.03870967775583267,-0.7677419185638428,0.43870967626571655,-0.6387096643447876,0.40645161271095276,-0.5870967507362366,0.28387096524238586,-0.43870967626571655,0.1548387110233307,-0.5612903237342834,0.5032258033752441,-0.4516128897666931,0.43870967626571655,-0.41290321946144104,0.31612902879714966,-0.26451611518859863,0.25806450843811035,-0.37419354915618896,0.522580623626709,-0.2967741787433624,0.4580645263195038,-0.25806450843811035,0.34838709235191345
0,0.0,0.0,-0.3804347813129425,0.07608695328235626,-0.75,0.021739130839705467,-0.8804348111152649,-0.14130434393882751,-0.8260869383811951,-0.4021739065647125,-1.0,-0.6521739363670349,-1.0,-0.18478260934352875,-0.8152173757553101,0.032608695328235626,-0.72826087474823,-0.010869565419852734,-0.6630434989929199,-0.8152173757553101,-0.47826087474823,0.0,-0.4021739065647125,0.21739129722118378,-0.44565218687057495,0.08695652335882187,-0.28260868787765503,-0.8152173757553101,-0.10869564861059189,-0.032608695328235626,-0.14130434393882751,0.10869564861059189,-0.21739129722118378,-0.010869565419852734,0.06521739065647125,-0.72826087474823,0.16304348409175873,-0.14130434393882751,0.15217390656471252,-0.043478261679410934,0.1195652186870575,-0.16304348409175873
0,0.0,0.0,-0.3333333432674408,0.08130080997943878,-0.6829268336296082,-0.19512194395065308,-0.8130081295967102,-0.5447154641151428,-0.8780487775802612,-0.8130081295967102,-0.7967479825019836,-0.3739837408065796,-1.0,-0.6178861856460571,-0.8780487775802612,-0.5934959053993225,-0.7235772609710693,-0.4878048896789551,-0.5853658318519592,-0.5040650367736816,-0.6341463327407837,-0.6991869807243347,-0.43089431524276733,-0.3983739912509918,-0.3252032399177551,-0.1869918704032898,-0.35772356390953064,-0.577235758304596,-0.3739837408065796,-0.7235772609710693,-0.2195121943950653,-0.39024388790130615,-0.17886178195476532,-0.1869918704032898,-0.12195122241973877,-0.6260162591934204,-0.15447154641151428,-0.7398374080657959,-0.06504064798355103,-0.5040650367736816,-0.056910570710897446,-0.34959349036216736
0,0.0,0.0,0.11049723625183105,-0.27624309062957764,0.0441988967359066,-0.5635359287261963,-0.14364640414714813,-0.7955800890922546,-0.28729280829429626,-0.9281768202781677,0.08287292718887329,-0.6740331649780273,-0.15469613671302795,-1.0,-0.1767955869436264,-0.8784530162811279,-0.12154696136713028,-0.7513812184333801,-0.11049723625183105,-0.5690608024597168,-0.33149170875549316,-0.7624309659004211,-0.31491711735725403,-0.6353591084480286,-0.23756906390190125,-0.5524861812591553,-0.28729280829429626,-0.4475138187408447,-0.45303866267204285,-0.580110490322113,-0.41436463594436646,-0.4806629717350006,-0.3480663001537323,-0.41988950967788696,-0.4419889450073242,-0.31491711735725403,-0.5469613075256348,-0.4419889450073242,-0.5027624368667603,-0.3591160178184509,-0.45303866267204285,-0.3038673996925354
0,0.0,0.0,-0.323699414730072,-0.034682080149650574,-0.6127167344093323,-0.10982658714056015,-0.8265895843505859,-0.14450867474079132,-0.9653179049491882,-0.15028901398181915,-0.7052023410797119,-0.4624277353286743,-1.0,-0.22543352842330933,-0.9306358098983765,-0.06358381360769272,-0.8265895843505859,-0.034682080149650574,-0.5780346989631653,-0.4161849617958069,-0.8265895843505859,0.0,-0.6878612637519836,0.080924853682518,-0.6069363951683044,0.0,-0.45086705684661865,-0.30635836720466614,-0.6589595079421997,0.10982658714056015,-0.52601158618927,0.1387283205986023,-0.4566473960876465,0.034682080149650574,-0.323699414730072,-0.161849707365036,-0.5028901696205139,0.15606936812400818,-0.4046242833137512,0.17341040074825287,-0.3410404622554779,0.080924853682518
0,0.0,0.0,-0.316546767950058,0.08633093535900116,-0.6546762585639954,-0.035971224308013916,-0.8345323801040649,-0.2733812928199768,-0.8776978254318237,-0.5323740839958191,-0.8920863270759583,-0.4532374143600464,-1.0,-0.36690646409988403,-0.8129496574401855,-0.17266187071800232,-0.6690647602081299,-0.057553958147764206,-0.7266187071800232,-0.6618704795837402,-0.597122311592102,-0.3309352397918701,-0.42446044087409973,-0.04316546767950058,-0.35971224308013916,0.08633093535900116,-0.48201438784599304,-0.7482014298439026,-0.316546767950058,-0.3525179922580719,-0.22302158176898956,-0.07194244861602783,-0.20863309502601624,0.050359711050987244,-0.23021583259105682,-0.7553957104682922,-0.10791366547346115,-0.42446044087409973,-0.057553958147764206,-0.20143884420394897,-0.06474819779396057,-0.12230215966701508
0,0.0,0.0,-0.3919999897480011,0.0,-0.7039999961853027,-0.328000009059906,-0.7760000228881836,-0.7039999961853027,-0.8159999847412109,-1.0,-0.8080000281333923,-0.527999997138977,-0.984000027179718,-0.8640000224113464,-0.8159999847412109,-0.7599999904632568,-0.656000018119812,-0.5680000185966492,-0.5759999752044678,-0.6480000019073486,-0.5519999861717224,-0.8399999737739563,-0.37599998712539673,-0.5199999809265137,-0.31200000643730164,-0.24799999594688416,-0.3440000116825104,-0.7279999852180481,-0.29600000381469727,-0.8479999899864197,-0.1679999977350235,-0.5040000081062317,-0.13600000739097595,-0.24799999594688416,-0.1120000034570694,-0.7680000066757202,-0.09600000083446503,-0.8640000224113464,-0.024000000208616257,-0.6000000238418579,-0.024000000208616257,-0.40799999237060547
0,0.0,0.0,-0.3684210479259491,-0.2719298303127289,-0.5789473652839661,-0.5526315569877625,-0.6228070259094238,-0.7280701994895935,-0.5438596606254578,-0.8070175647735596,-0.28947368264198303,-1.0,-0.7543859481811523,-0.8859649300575256,-0.8333333134651184,-0.6842105388641357,-0.7631579041481018,-0.5877193212509155,-0.061403509229421616,-0.859649121761322,-0.6491228342056274,-0.4035087823867798,-0.6491228342056274,-0.25438597798347473,-0.5438596606254578,-0.28947368264198303,0.10526315867900848,-0.5964912176132202,-0.4649122953414917,-0.1315789520740509,-0.4035087823867798,-0.07894736528396606,-0.28070175647735596,-0.1666666716337204,0.2017543911933899,-0.2982456088066101,-0.25438597798347473,0.017543859779834747,-0.2368421107530594,0.02631578966975212,-0.12280701845884323,-0.07017543911933899
0,0.0,0.0,-0.38947367668151855,-0.08421052992343903,-0.6631578803062439,-0.2631579041481018,-0.5894736647605896,-0.34736841917037964,-0.3052631616592407,-0.46315789222717285,-0.4421052634716034,-0.9894737005233765,-0.43157893419265747,-0.6105263233184814,-0.410526305437088,-0.2947368323802948,-0.4000000059604645,-0.34736841917037964,-0.031578946858644485,-1.0,-0.010526316240429878,-0.4421052634716034,-0.0736842080950737,-0.1473684161901474,-0.11578947305679321,-0.24210526049137115,0.3052631616592407,-0.8947368264198303,0.3052631616592407,-0.3368421196937561,0.21052631735801697,-0.10526315867900848,0.1473684161901474,-0.2210526317358017,0.5684210658073425,-0.7368420958518982,0.5894736647605896,-0.3052631616592407,0.46315789222717285,-0.08421052992343903,0.38947367668151855,-0.12631578743457794
0,0.0,0.0,-0.26356589794158936,-0.06201550364494324,-0.45736435055732727,-0.06201550364494324,-0.6124030947685242,0.08527132123708725,-0.7596899271011353,0.24806201457977295,-0.38759690523147583,-0.6356589198112488,-0.7209302186965942,-0.3488371968269348,-0.8914728760719299,-0.07751937955617905,-1.0,0.1472868174314499,-0.1550387591123581,-0.565891444683075,-0.5038759708404541,-0.1782945692539215,-0.6899224519729614,0.11627907305955887,-0.8062015771865845,0.302325576543808,0.05426356568932533,-0.3798449635505676,-0.27906978130340576,0.03100775182247162,-0.39534884691238403,0.24031007289886475,-0.43410852551460266,0.3100775182247162,0.19379845261573792,-0.1627907007932663,-0.09302325546741486,0.1550387591123581,-0.21705426275730133,0.27906978130340576,-0.24031007289886475,0.2868216931819916
0,0.0,0.0,-0.3125,-0.0446428582072258,-0.5535714030265808,-0.3392857015132904,-0.625,-0.7053571343421936,-0.6696428656578064,-1.0,-0.7678571343421936,-0.6071428656578064,-0.7767857313156128,-0.875,-0.5625,-0.7678571343421936,-0.4196428656578064,-0.5982142686843872,-0.5357142686843872,-0.7678571343421936,-0.3214285671710968,-0.875,-0.1160714253783226,-0.5267857313156128,-0.0714285746216774,-0.2589285671710968,-0.2767857015132904,-0.8482142686843872,-0.0446428582072258,-0.8839285969734192,0.0714285746216774,-0.5089285969734192,0.0535714291036129,-0.2410714328289032,-0.0446428582072258,-0.8660714030265808,0.1428571492433548,-0.9107142686843872,0.1964285671710968,-0.6071428656578064,0.1517857164144516,-0.4107142984867096
0,0.0,0.0,-0.2469135820865631,0.17283950746059418,-0.5802469253540039,0.16049382090568542,-0.8209876418113708,0.018518518656492233,-1.0,-0.09259258955717087,-0.7222222089767456,0.08641975373029709,-0.9876543283462524,0.04938271641731262,-0.9629629850387573,0.018518518656492233,-0.8271604776382446,0.012345679104328156,-0.6604938507080078,-0.08024691045284271,-0.8271604776382446,-0.15432098507881165,-0.6296296119689941,-0.08024691045284271,-0.45679011940956116,0.0,-0.5617284178733826,-0.23456789553165436,-0.6851851940155029,-0.29012346267700195,-0.4753086566925049,-0.17283950746059418,-0.32098764181137085,-0.06790123134851456,-0.4382716119289398,-0.37037035822868347,-0.5740740895271301,-0.40740740299224854,-0.4444444477558136,-0.3086419701576233,-0.3333333432674408,-0.22839505970478058
0,0.0,0.0,0.0882352963089943,-0.29411765933036804,0.11176470667123795,-0.6294117569923401,0.052941177040338516,-0.8882352709770203,-0.0058823530562222,-1.0,0.34117648005485535,-0.6705882549285889,0.06470588594675064,-0.9941176176071167,-0.07647059112787247,-0.8941176533699036,-0.05882352963089943,-0.7764706015586853,0.2294117659330368,-0.5352941155433655,-0.1882352977991104,-0.841176450252533,-0.25294119119644165,-0.7058823704719543,-0.15294118225574493,-0.6058823466300964,0.07058823853731155,-0.4000000059604645,-0.3117647171020508,-0.658823549747467,-0.33529412746429443,-0.529411792755127,-0.2235294133424759,-0.44117647409439087,-0.10588235408067703,-0.2764706015586853,-0.38823530077934265,-0.4941176474094391,-0.4000000059604645,-0.4117647111415863,-0.3117647171020508,-0.33529412746429443
0,0.0,0.0,0.10655737668275833,-0.49180328845977783,-0.04918032884597778,-0.7786885499954224,-0.3196721374988556,-0.8442623019218445,-0.5163934230804443,-0.7704917788505554,-0.41803279519081116,-1.0,-0.5,-0.9672130942344666,-0.4262295067310333,-0.811475396156311,-0.3196721374988556,-0.7049180269241333,-0.688524603843689,-0.8770492076873779,-0.6639344096183777,-0.7540983557701111,-0.5573770403862,-0.6065573692321777,-0.44262295961380005,-0.5327869057655334,-0.8606557250022888,-0.6557376980781555,-0.7868852615356445,-0.5163934230804443,-0.6639344096183777,-0.3852458894252777,-0.5409836173057556,-0.31147539615631104,-0.9836065769195557,-0.4098360538482666,-0.9180327653884888,-0.24590164422988892,-0.7868852615356445,-0.13114753365516663,-0.688524603843689,-0.07377049326896667
0,0.0,0.0,-0.3333333432674408,-0.155251145362854,-0.611872136592865,-0.3333333432674408,-0.8173515796661377,-0.42465752363204956,-0.9452054500579834,-0.47488585114479065,-0.5981734991073608,-0.689497709274292,-0.9771689772605896,-0.5707762837409973,-1.0,-0.37899544835090637,-0.9406392574310303,-0.29680365324020386,-0.4885844886302948,-0.5981734991073608,-0.8767123222351074,-0.2602739632129669,-0.7579908967018127,-0.1278538852930069,-0.6347032189369202,-0.18721461296081543,-0.39726027846336365,-0.4429223835468292,-0.7488584518432617,-0.08219178020954132,-0.611872136592865,-0.00913241971284151,-0.5068492889404297,-0.09589041024446487,-0.31963470578193665,-0.2557077705860138,-0.6073059439659119,0.02283105067908764,-0.5159817337989807,0.07305935770273209,-0.42465752363204956,0.0
0,0.0,0.0,-0.2631579041481018,-0.056680161505937576,-0.4655870497226715,-0.36032387614250183,-0.546558678150177,-0.7044534683227539,-0.6518218517303467,-1.0,-0.6275303363800049,-0.6882591247558594,-0.7449392676353455,-0.8542510271072388,-0.6113360524177551,-0.76113361120224,-0.4655870497226715,-0.623481810092926,-0.38866397738456726,-0.8137651681900024,-0.2631579041481018,-0.8340080976486206,-0.13765181601047516,-0.4534412920475006,-0.09716599434614182,-0.20647773146629333,-0.1295546591281891,-0.8582996129989624,0.04048582911491394,-0.8178137540817261,0.08097165822982788,-0.42105263471603394,0.06072874367237091,-0.17408907413482666,0.11740890890359879,-0.8380566835403442,0.25506073236465454,-0.8137651681900024,0.24696356058120728,-0.4898785352706909,0.19028340280056,-0.2955465614795685
0,0.0,0.0,-0.0845070406794548,-0.30633804202079773,-0.11971831321716309,-0.5739436745643616,-0.1690140813589096,-0.8028169274330139,-0.2112676054239273,-1.0,0.13028168678283691,-0.76408451795578,-0.246478870511055,-0.9507042169570923,-0.30985915660858154,-0.7781690359115601,-0.25,-0.6514084339141846,0.09507042169570923,-0.7429577708244324,-0.35915493965148926,-0.8450704216957092,-0.3732394278049469,-0.6478873491287231,-0.27816900610923767,-0.5598591566085815,0.014084506779909134,-0.6901408433914185,-0.4190140962600708,-0.7147887349128723,-0.40140846371650696,-0.51408451795578,-0.2922535240650177,-0.44366195797920227,-0.08802817016839981,-0.6091549396514893,-0.43661972880363464,-0.5809859037399292,-0.4119718372821808,-0.4260563254356384,-0.30633804202079773,-0.3802816867828369
0,0.0,0.0,0.1841004192829132,-0.29288703203201294,0.1631799191236496,-0.5481171607971191,0.025104602798819542,-0.7280334830284119,-0.1171548143029213,-0.7489539980888367,-0.029288703575730324,-0.7405857443809509,-0.10460250824689865,-1.0,-0.12970711290836334,-0.9372385144233704,-0.10878661274909973,-0.8242678046226501,-0.24267782270908356,-0.6945606470108032,-0.2510460317134857,-0.7447698712348938,-0.21338912844657898,-0.6359832882881165,-0.1589958220720291,-0.5564853549003601,-0.3891213536262512,-0.573221743106842,-0.3514644205570221,-0.573221743106842,-0.28870293498039246,-0.5020920634269714,-0.24267782270908356,-0.4184100329875946,-0.5188284516334534,-0.4351464509963989,-0.45188283920288086,-0.4393305480480194,-0.3891213536262512,-0.3765690326690674,-0.34309622645378113,-0.31380751729011536
0,0.0,0.0,-0.2905983030796051,-0.19230769574642181,-0.4017094075679779,-0.504273533821106,-0.39316239953041077,-0.7948718070983887,-0.32478633522987366,-1.0,-0.21367521584033966,-0.7435897588729858,-0.3076923191547394,-0.9871794581413269,-0.4273504316806793,-0.8418803215026855,-0.4829059839248657,-0.6581196784973145,-0.10683760792016983,-0.7692307829856873,-0.39316239953041077,-0.8290598392486572,-0.4615384638309479,-0.5384615659713745,-0.4316239356994629,-0.3333333432674408,0.008547008968889713,-0.752136766910553,-0.3205128312110901,-0.7435897588729858,-0.3290598392486572,-0.4444444477558136,-0.2606837749481201,-0.2606837749481201,0.13247863948345184,-0.7051281929016113,-0.17521367967128754,-0.6965811848640442,-0.1794871836900711,-0.504273533821106,-0.09401709586381912,-0.38461539149284363
0,0.0,0.0,-0.15736040472984314,-0.3502538204193115,-0.4568527936935425,-0.624365508556366,-0.7817258834838867,-0.7766497731208801,-1.0,-0.8883248567581177,-0.4517766535282135,-0.9441624283790588,-0.9543147087097168,-0.9289340376853943,-0.8984771370887756,-0.7512690424919128,-0.7614213228225708,-0.700507640838623,-0.4771573543548584,-0.7817258834838867,-1.0,-0.5989847779273987,-0.8781725764274597,-0.4467005133628845,-0.720812201499939,-0.4720812141895294,-0.5279187560081482,-0.5685279369354248,-0.9695431590080261,-0.3604061007499695,-0.8274111747741699,-0.24365481734275818,-0.6852791905403137,-0.29441624879837036,-0.5736040472984314,-0.3350253701210022,-0.903553307056427,-0.17766498029232025,-0.7817258834838867,-0.08121827244758606,-0.6548223495483398,-0.12182740867137909
0,0.0,0.0,-0.389380544424057,-0.06637167930603027,-0.6946902871131897,-0.389380544424057,-0.747787594795227,-0.7256637215614319,-0.7168141603469849,-1.0,-0.6592920422554016,-0.6194690465927124,-0.8274336457252502,-0.8628318309783936,-0.8495575189590454,-0.8407079577445984,-0.7964601516723633,-0.7123894095420837,-0.4601770043373108,-0.6991150379180908,-0.6283186078071594,-0.8318583965301514,-0.5530973672866821,-0.5353982448577881,-0.4601770043373108,-0.29646018147468567,-0.22566372156143188,-0.7345132827758789,-0.3761062026023865,-0.8097345232963562,-0.3141593039035797,-0.4601770043373108,-0.2566371560096741,-0.24336282908916473,0.017699114978313446,-0.7433628439903259,-0.1592920422554016,-0.8185840845108032,-0.13716813921928406,-0.5707964897155762,-0.09292035549879074,-0.4247787594795227
0,0.0,0.0,0.06363636255264282,-0.3636363744735718,-0.027272727340459824,-0.6272727251052856,-0.22272726893424988,-0.8272727131843567,-0.37727272510528564,-0.9363636374473572,0.0,-0.7909091114997864,-0.2818181812763214,-1.0,-0.2954545319080353,-0.8681818246841431,-0.23636363446712494,-0.7545454502105713,-0.16363635659217834,-0.6954545378684998,-0.44545453786849976,-0.7545454502105713,-0.4227272868156433,-0.6090909242630005,-0.34090909361839294,-0.5363636612892151,-0.3272727131843567,-0.5636363625526428,-0.5409091114997864,-0.5636363625526428,-0.5,-0.44999998807907104,-0.41818180680274963,-0.3954545557498932,-0.48181816935539246,-0.40909090638160706,-0.6136363744735718,-0.44545453786849976,-0.5681818127632141,-0.34090909361839294,-0.5045454502105713,-0.2863636314868927
0,0.0,0.0,-0.41545894742012024,-0.10628019273281097,-0.6376811861991882,-0.39613527059555054,-0.6763284802436829,-0.729468584060669,-0.6570048332214355,-1.0,-0.5362318754196167,-0.6811594367027283,-0.7101449370384216,-0.8647342920303345,-0.8212560415267944,-0.7342995405197144,-0.8647342920303345,-0.5700483322143555,-0.40096619725227356,-0.7681159377098083,-0.6666666865348816,-0.9178743958473206,-0.7004830837249756,-0.5990338325500488,-0.6280193328857422,-0.33816424012184143,-0.22705313563346863,-0.8357487916946411,-0.5410627722740173,-0.9130434989929199,-0.4975845515727997,-0.5458937287330627,-0.36231884360313416,-0.30917873978614807,0.009661835618317127,-0.9178743958473206,-0.3188405930995941,-0.9758453965187073,-0.28985506296157837,-0.7246376872062683,-0.15458936989307404,-0.5748792290687561
0,0.0,0.0,-0.38235294818878174,0.0470588244497776,-0.7470588088035583,-0.1882352977991104,-0.9058823585510254,-0.4882352948188782,-0.9529411792755127,-0.729411780834198,-0.800000011920929,-0.3705882430076599,-1.0,-0.6000000238418579,-0.9941176176071167,-0.6176470518112183,-0.8941176533699036,-0.5470588207244873,-0.6235294342041016,-0.5,-0.7529411911964417,-0.6529411673545837,-0.5941176414489746,-0.42352941632270813,-0.4470588266849518,-0.2235294133424759,-0.4117647111415863,-0.6000000238418579,-0.5176470875740051,-0.699999988079071,-0.3705882430076599,-0.4176470637321472,-0.2647058963775635,-0.21764706075191498,-0.1882352977991104,-0.6764705777168274,-0.30000001192092896,-0.7588235139846802,-0.2294117659330368,-0.5470588207244873,-0.1764705926179886,-0.38823530077934265
0,0.0,0.0,-0.402515709400177,-0.03144654259085655,-0.7232704162597656,-0.1320754736661911,-0.8238993883132935,-0.23899370431900024,-0.74842768907547,-0.3962264060974121,-0.6918238997459412,-0.704402506351471,-1.0,-0.29559749364852905,-0.9245283007621765,-0.11320754885673523,-0.805031418800354,-0.14465409517288208,-0.4088050425052643,-0.7358490824699402,-0.6289308071136475,-0.01886792480945587,-0.5660377144813538,0.1257861703634262,-0.5157232880592346,-0.01886792480945587,-0.11949685215950012,-0.6226415038108826,-0.3207547068595886,0.0628930851817131,-0.3207547068595886,0.11949685215950012,-0.28930819034576416,-0.03144654259085655,0.11949685215950012,-0.446540892124176,-0.069182388484478,0.03773584961891174,-0.11320754885673523,0.069182388484478,-0.09433962404727936,-0.0628930851817131
0,0.0,0.0,-0.32156863808631897,-0.019607843831181526,-0.6078431606292725,-0.003921568859368563,-0.8235294222831726,0.054901961237192154,-0.95686274766922,0.0941176488995552,-0.7647058963775635,-0.2705882489681244,-1.0,0.0235294122248888,-0.8980392217636108,0.13725490868091583,-0.8156862854957581,0.125490203499794,-0.6274510025978088,-0.24313725531101227,-0.800000011920929,0.1921568661928177,-0.6470588445663452,0.21176470816135406,-0.5921568870544434,0.10588235408067703,-0.47843137383461,-0.16078431904315948,-0.6117647290229797,0.26274511218070984,-0.4745098054409027,0.24313725531101227,-0.43921568989753723,0.125490203499794,-0.3333333432674408,-0.062745101749897,-0.45490196347236633,0.27843138575553894,-0.3607843220233917,0.25882354378700256,-0.32549020648002625,0.14901961386203766
0,0.0,0.0,-0.24242424964904785,-0.1346801370382309,-0.5420875549316406,-0.12121212482452393,-0.7777777910232544,0.010101010091602802,-0.932659924030304,0.12794612348079681,-0.6868686676025391,-0.21548821032047272,-1.0,-0.05387205258011818,-0.9595959782600403,0.05387205258011818,-0.8518518805503845,0.09090909361839294,-0.6262626051902771,-0.07070706784725189,-0.81144779920578,0.1986531913280487,-0.6969696879386902,0.21212121844291687,-0.6094276309013367,0.13804714381694794,-0.5353535413742065,0.09090909361839294,-0.6700336933135986,0.3164983093738556,-0.5656565427780151,0.2929292917251587,-0.49494948983192444,0.21885521709918976,-0.4377104341983795,0.2457912415266037,-0.5521885752677917,0.3905723989009857,-0.4579124450683594,0.37037035822868347,-0.40067338943481445,0.3097642958164215
0,0.0,0.0,-0.15021459758281708,-0.3819742500782013,-0.42489269375801086,-0.5622317790985107,-0.7639485001564026,-0.6309012770652771,-1.0,-0.6051502227783203,-0.5879828333854675,-0.716738224029541,-0.9742489457130432,-0.6866952776908875,-0.8884119987487793,-0.553648054599762,-0.7510729432106018,-0.497854083776474,-0.6995708346366882,-0.5064377784729004,-0.9527897238731384,-0.3562231659889221,-0.8412017226219177,-0.2532188892364502,-0.721030056476593,-0.248927041888237,-0.7725321650505066,-0.2618025839328766,-0.9141631126403809,-0.11158798635005951,-0.8025751113891602,-0.042918454855680466,-0.6995708346366882,-0.04721030220389366,-0.8154506683349609,-0.02575107291340828,-0.8841201663017273,0.06008583679795265,-0.7682403326034546,0.1373390555381775,-0.6824034452438354,0.14592275023460388
0,0.0,0.0,0.1666666716337204,-0.4019607901573181,0.09313725680112839,-0.7009803652763367,-0.0784313753247261,-0.8382353186607361,-0.20588235557079315,-0.8235294222831726,-0.2598039209842682,-0.8284313678741455,-0.2549019753932953,-1.0,-0.15196079015731812,-0.9264705777168274,-0.07352941483259201,-0.813725471496582,-0.47058823704719543,-0.7058823704719543,-0.37745097279548645,-0.7696078419685364,-0.2647058963775635,-0.6813725233078003,-0.19117647409439087,-0.5980392098426819,-0.5686274766921997,-0.5196078419685364,-0.4803921580314636,-0.5784313678741455,-0.37254902720451355,-0.5245097875595093,-0.29411765933036804,-0.44117647409439087,-0.6225489974021912,-0.3382352888584137,-0.5490196347236633,-0.38725489377975464,-0.45098039507865906,-0.3529411852359772,-0.37745097279548645,-0.29411765933036804
0,0.0,0.0,-0.519336998462677,-0.28176796436309814,-0.7624309659004211,-0.4751381278038025,-0.9060773253440857,-0.6685082912445068,-0.9723756909370422,-0.9116021990776062,-0.6132596731185913,-0.8784530162811279,-0.988950252532959,-0.7955800890922546,-1.0,-0.4861878454685211,-0.90055251121521,-0.36464089155197144,-0.3591160178184509,-0.7790055274963379,-0.7900552749633789,-0.541436493396759,-0.7458563446998596,-0.11602210253477097,-0.6077347993850708,-0.033149171620607376,-0.11049723625183105,-0.591160237789154,-0.541436493396759,-0.2596684992313385,-0.49723756313323975,0.027624309062957764,-0.3425414264202118,0.03867403417825699,0.10497237741947174,-0.3867403268814087,-0.24861878156661987,-0.10497237741947174,-0.28176796436309814,0.049723755568265915,-0.14917127788066864,0.027624309062957764
0,0.0,0.0,-0.17164179682731628,-0.26492536067962646,-0.4776119291782379,-0.44029849767684937,-0.7910447716712952,-0.4776119291782379,-1.0,-0.5149253606796265,-0.5298507213592529,-0.6791045069694519,-0.9813432693481445,-0.6641790866851807,-0.9253731369972229,-0.5074626803398132,-0.7910447716712952,-0.4514925479888916,-0.5223880410194397,-0.49253731966018677,-0.9477611780166626,-0.3283582031726837,-0.8320895433425903,-0.2276119440793991,-0.6977611780166626,-0.26119402050971985,-0.5223880410194397,-0.26865673065185547,-0.8694030046463013,-0.12313432991504669,-0.746268630027771,-0.05597015097737312,-0.6268656849861145,-0.10447761416435242,-0.5261194109916687,-0.04477611929178238,-0.7910447716712952,0.041044775396585464,-0.6865671873092651,0.09328357875347137,-0.5858209133148193,0.05970149114727974
0,0.0,0.0,-0.37142857909202576,-0.004081632476300001,-0.6612244844436646,-0.19183672964572906,-0.8081632852554321,-0.4204081594944,-0.8897958993911743,-0.6489796042442322,-0.7265306115150452,-0.640816330909729,-1.0,-0.5795918107032776,-0.9714285731315613,-0.3469387888908386,-0.8693877458572388,-0.1795918345451355,-0.5265306234359741,-0.7510204315185547,-0.7142857313156128,-0.36734694242477417,-0.5877550840377808,-0.05306122452020645,-0.4612244963645935,0.03265305981040001,-0.2938775420188904,-0.7346938848495483,-0.44489794969558716,-0.2938775420188904,-0.34285715222358704,-0.05714285746216774,-0.2530612349510193,-0.040816325694322586,-0.0734693855047226,-0.6489796042442322,-0.22857142984867096,-0.2897959053516388,-0.17142857611179352,-0.13061223924160004,-0.09795918315649033,-0.15102040767669678
0,0.0,0.0,-0.3802281320095062,0.0038022813387215137,-0.6577946543693542,-0.022813688963651657,-0.8212927579879761,-0.06844106316566467,-0.8859315514564514,-0.16730037331581116,-0.7224334478378296,-0.49809885025024414,-1.0,-0.1596958190202713,-0.9733840227127075,0.045627377927303314,-0.8935361504554749,0.10646387934684753,-0.48288974165916443,-0.4904943108558655,-0.7034220695495605,0.06463878601789474,-0.5779467821121216,0.16349810361862183,-0.5095056891441345,0.045627377927303314,-0.22813688218593597,-0.38403043150901794,-0.41064637899398804,0.1863117814064026,-0.3193916380405426,0.19771863520145416,-0.2623574137687683,0.06083650141954422,-0.0076045626774430275,-0.23574145138263702,-0.1863117814064026,0.1901140660047531,-0.14828898012638092,0.1749049425125122,-0.10266159474849701,0.03802281245589256
0,0.0,0.0,-0.2800000011920929,-0.04888888821005821,-0.5600000023841858,0.08888889104127884,-0.7555555701255798,0.29777777194976807,-0.902222216129303,0.448888897895813,-0.7333333492279053,0.004444444552063942,-1.0,0.31111112236976624,-0.8799999952316284,0.36000001430511475,-0.7599999904632568,0.30222222208976746,-0.5955555438995361,0.1111111119389534,-0.7333333492279053,0.47555556893348694,-0.6044444441795349,0.4444444477558136,-0.54666668176651,0.3288888931274414,-0.43111109733581543,0.23111110925674438,-0.551111102104187,0.5333333611488342,-0.4444444477558136,0.47555556893348694,-0.4000000059604645,0.36888888478279114,-0.2666666805744171,0.3466666638851166,-0.3822222352027893,0.5644444227218628,-0.30222222208976746,0.5022222399711609,-0.25777778029441833,0.40888887643814087
1,0.0,0.0,-0.2222222238779068,-0.04659498110413551,-0.4121863842010498,-0.1577060967683792,-0.5663082599639893,-0.24372759461402893,-0.6953405141830444,-0.28315412998199463,-0.2688172161579132,-0.4910394251346588,-0.3333333432674408,-0.6810035705566406,-0.3584229350090027,-0.8028674125671387,-0.3727598488330841,-0.9032257795333862,-0.14695340394973755,-0.5304659605026245,-0.17562724649906158,-0.7526881694793701,-0.189964160323143,-0.8888888955116272,-0.19713261723518372,-1.0,-0.025089606642723083,-0.519713282585144,-0.025089606642723083,-0.7311828136444092,-0.032258063554763794,-0.8530465960502625,-0.0394265241920948,-0.9605734944343567,0.09677419066429138,-0.47311827540397644,0.16845877468585968,-0.616487443447113,0.21146953105926514,-0.7204301357269287,0.24014337360858917,-0.8136200904846191
1,0.0,0.0,-0.24894514679908752,0.09704641252756119,-0.5063291192054749,0.1265822798013687,-0.7088607549667358,0.16033755242824554,-0.8649789094924927,0.2067510485649109,-0.5907173156738281,-0.27848100662231445,-0.797468364238739,-0.40928271412849426,-0.9113923907279968,-0.49789029359817505,-1.0,-0.5822784900665283,-0.49789029359817505,-0.40084388852119446,-0.6919831037521362,-0.5780590772628784,-0.8016877770423889,-0.6919831037521362,-0.8902953863143921,-0.7848101258277893,-0.37552741169929504,-0.472573846578598,-0.5316455960273743,-0.6540084481239319,-0.6202531456947327,-0.75527423620224,-0.7046413421630859,-0.8396624326705933,-0.2278480976819992,-0.5105485320091248,-0.27848100662231445,-0.6793248653411865,-0.3206751048564911,-0.7890295386314392,-0.3670886158943176,-0.8902953863143921
1,0.0,0.0,-0.2282157689332962,-0.008298755623400211,-0.4315352737903595,-0.0912863090634346,-0.5767635107040405,-0.15352697670459747,-0.6929460763931274,-0.1618257313966751,-0.31120333075523376,-0.48547717928886414,-0.37759336829185486,-0.6680498123168945,-0.40248963236808777,-0.7759336233139038,-0.41908714175224304,-0.8713693022727966,-0.18672199547290802,-0.54356849193573,-0.22406639158725739,-0.7676348686218262,-0.24066390097141266,-0.9004149436950684,-0.2531120479106903,-1.0,-0.058091286569833755,-0.5560166239738464,-0.058091286569833755,-0.7759336233139038,-0.06639004498720169,-0.8962655663490295,-0.08298755437135696,-1.0,0.06639004498720169,-0.5228216052055359,0.14107884466648102,-0.6887966990470886,0.17842324078083038,-0.8008298873901367,0.2074688822031021,-0.9045643210411072
1,0.0,0.0,-0.19283746182918549,-0.07713498920202255,-0.352617084980011,-0.20936639606952667,-0.4876033067703247,-0.3112947642803192,-0.5977961421012878,-0.38567492365837097,-0.1873278170824051,-0.5013774037361145,-0.23140496015548706,-0.6969696879386902,-0.24793387949466705,-0.8181818127632141,-0.25619834661483765,-0.9228650331497192,-0.06611569970846176,-0.5234159827232361,-0.07438016682863235,-0.7438016533851624,-0.07713498920202255,-0.8815426826477051,-0.07713498920202255,-1.0,0.04958677664399147,-0.4986225962638855,0.06611569970846176,-0.6969696879386902,0.07162534445524216,-0.8209366202354431,0.06887052208185196,-0.93388432264328,0.1625344306230545,-0.43526169657707214,0.23691460490226746,-0.5674931406974792,0.28099173307418823,-0.6584022045135498,0.3140496015548706,-0.7493112683296204
1,0.0,0.0,-0.13230769336223602,-0.17538461089134216,-0.17846153676509857,-0.4123076796531677,-0.20923076570034027,-0.5846154093742371,-0.2492307722568512,-0.7076923251152039,0.12923076748847961,-0.5723077058792114,0.21230769157409668,-0.7784615159034729,0.2738461494445801,-0.9015384912490845,0.32923075556755066,-1.0,0.2523076832294464,-0.5138461589813232,0.39384615421295166,-0.7169230580329895,0.48615384101867676,-0.8492307662963867,0.5661538243293762,-0.9538461565971375,0.3446153700351715,-0.4153846204280853,0.5076923370361328,-0.5846154093742371,0.6061538457870483,-0.7046154141426086,0.6861538290977478,-0.8123077154159546,0.4030769169330597,-0.2861538529396057,0.5815384387969971,-0.35692307353019714,0.6984615325927734,-0.4092307686805725,0.8061538338661194,-0.4676923155784607
1,0.0,0.0,-0.17843866348266602,0.12639404833316803,-0.39405205845832825,0.20074349641799927,-0.5687732100486755,0.2750929296016693,-0.7100371718406677,0.35687732696533203,-0.5464683771133423,-0.17472119629383087,-0.7620818018913269,-0.26022306084632874,-0.8921933174133301,-0.32342007756233215,-1.0,-0.3903345763683319,-0.49070632457733154,-0.29739776253700256,-0.7063196897506714,-0.43866172432899475,-0.832713782787323,-0.5315985083580017,-0.9442379474639893,-0.6171003580093384,-0.3903345763683319,-0.3828996419906616,-0.565055787563324,-0.5315985083580017,-0.6765799522399902,-0.624535322189331,-0.7806691527366638,-0.702602207660675,-0.25278809666633606,-0.4349442422389984,-0.3457249104976654,-0.5873606204986572,-0.4089219272136688,-0.6840148568153381,-0.4758364260196686,-0.7695167064666748
1,0.0,0.0,-0.21608039736747742,0.11557789146900177,-0.4522612988948822,0.18592964112758636,-0.6381909251213074,0.2512562870979309,-0.7738693356513977,0.3216080367565155,-0.5778894424438477,-0.19597989320755005,-0.7788944840431213,-0.29145729541778564,-0.8994975090026855,-0.36180904507637024,-1.0,-0.4271356761455536,-0.5075376629829407,-0.31658291816711426,-0.7035176157951355,-0.4623115658760071,-0.8190954923629761,-0.5577889680862427,-0.9145728349685669,-0.6381909251213074,-0.402010053396225,-0.39698493480682373,-0.552763819694519,-0.552763819694519,-0.6482412219047546,-0.6482412219047546,-0.7386934757232666,-0.7236180901527405,-0.26633167266845703,-0.4522612988948822,-0.3316583037376404,-0.6080402135848999,-0.37688443064689636,-0.713567852973938,-0.42211055755615234,-0.80402010679245
1,0.0,0.0,-0.230158731341362,0.02380952425301075,-0.4523809552192688,0.007936508394777775,-0.64682537317276,0.003968254197388887,-0.8055555820465088,0.01984127052128315,-0.3888888955116272,-0.3611111044883728,-0.5317460298538208,-0.5396825671195984,-0.6111111044883728,-0.6626983880996704,-0.6746031641960144,-0.7817460298538208,-0.2738095223903656,-0.4523809552192688,-0.3849206268787384,-0.682539701461792,-0.44841268658638,-0.841269850730896,-0.5,-0.9801587462425232,-0.1388888955116272,-0.4801587164402008,-0.190476194024086,-0.7103174328804016,-0.230158731341362,-0.8611111044883728,-0.2658730149269104,-1.0,0.007936508394777775,-0.460317462682724,0.0515873022377491,-0.6388888955116272,0.075396828353405,-0.7698412537574768,0.0873015895485878,-0.8928571343421936
1,0.0,0.0,-0.17052023112773895,-0.1387283205986023,-0.29190751910209656,-0.3179190754890442,-0.3988439440727234,-0.4768786132335663,-0.5115606784820557,-0.6040462255477905,0.034682080149650574,-0.4826589524745941,0.09248554706573486,-0.7167630195617676,0.1416184902191162,-0.8670520186424255,0.1994219720363617,-1.0,0.19075144827365875,-0.4364161789417267,0.31213873624801636,-0.676300585269928,0.4046242833137512,-0.8381502628326416,0.5028901696205139,-0.9653179049491882,0.2947976887226105,-0.338150292634964,0.48554912209510803,-0.5057803392410278,0.615606963634491,-0.6184971332550049,0.7312138676643372,-0.7225433588027954,0.3612716794013977,-0.1994219720363617,0.560693621635437,-0.24277456104755402,0.7052023410797119,-0.2803468108177185,0.8381502628326416,-0.32947975397109985
1,0.0,0.0,-0.1865285038948059,-0.09067357331514359,-0.3471502661705017,-0.2150259017944336,-0.4896373152732849,-0.30829015374183655,-0.6036269664764404,-0.3834196925163269,-0.17098446190357208,-0.5077720284461975,-0.22020725905895233,-0.7020725607872009,-0.2409326434135437,-0.8238341808319092,-0.24870465695858002,-0.9300518035888672,-0.05181347206234932,-0.5310880541801453,-0.06994818896055222,-0.7461140155792236,-0.07512953132390976,-0.8834196925163269,-0.07253886014223099,-1.0,0.062176164239645004,-0.5025906562805176,0.0803108811378479,-0.7046632170677185,0.09067357331514359,-0.8264248967170715,0.09585492312908173,-0.9378238320350647,0.17357513308525085,-0.43264248967170715,0.2512953281402588,-0.5569947957992554,0.2927461266517639,-0.6476684212684631,0.32642486691474915,-0.7331606149673462
1,0.0,0.0,-0.2638436555862427,0.048859935253858566,-0.524429976940155,0.02280130237340927,-0.7296416759490967,0.009771986864507198,-0.885993480682373,0.0032573288772255182,-0.49837133288383484,-0.40716612339019775,-0.6547231078147888,-0.5732899308204651,-0.7394136786460876,-0.6840391159057617,-0.8078175783157349,-0.7850162982940674,-0.37785017490386963,-0.5016286373138428,-0.5081433057785034,-0.7198697328567505,-0.5863192081451416,-0.8534201979637146,-0.6514657735824585,-0.9674267172813416,-0.23778501152992249,-0.5472312569618225,-0.3224755823612213,-0.7589576840400696,-0.39087948203086853,-0.885993480682373,-0.4560260474681854,-1.0,-0.08143322169780731,-0.5504885911941528,-0.061889249831438065,-0.732899010181427,-0.05863192304968834,-0.8534201979637146,-0.06514658033847809,-0.9706840515136719
1,0.0,0.0,-0.08741258829832077,0.16083915531635284,-0.22727273404598236,0.30069929361343384,-0.33916082978248596,0.42307692766189575,-0.43706294894218445,0.5384615659713745,-0.4965035021305084,0.02097902074456215,-0.7097902297973633,0.03146853297948837,-0.8426573276519775,0.024475524201989174,-0.9615384340286255,0.00699300691485405,-0.4965035021305084,-0.10139860212802887,-0.7342657446861267,-0.13636364042758942,-0.8776223659515381,-0.1678321659564972,-1.0,-0.20279720425605774,-0.4475524425506592,-0.20279720425605774,-0.6503496766090393,-0.2657342553138733,-0.7797203063964844,-0.31118881702423096,-0.8951048851013184,-0.3496503531932831,-0.3601398468017578,-0.2902098000049591,-0.49300700426101685,-0.3881118893623352,-0.5804196000099182,-0.4545454680919647,-0.6713286638259888,-0.5104895234107971
1,0.0,0.0,-0.21739129722118378,0.07905138283967972,-0.45059287548065186,0.11067193746566772,-0.6442687511444092,0.15019762516021729,-0.7944663763046265,0.2134387344121933,-0.47826087474823,-0.31620553135871887,-0.6758893132209778,-0.4584980309009552,-0.7865612506866455,-0.5573122501373291,-0.8853754997253418,-0.6521739363670349,-0.36758893728256226,-0.4308300316333771,-0.529644250869751,-0.6403161883354187,-0.6245059370994568,-0.782608687877655,-0.6996047496795654,-0.9169960618019104,-0.23320157825946808,-0.48221343755722046,-0.32015809416770935,-0.7114624381065369,-0.3794466257095337,-0.8616600632667542,-0.4426877498626709,-1.0,-0.07905138283967972,-0.48616600036621094,-0.05138339847326279,-0.6798418760299683,-0.035573121160268784,-0.8181818127632141,-0.03162055462598801,-0.95652174949646
1,0.0,0.0,-0.18122977018356323,-0.08737864345312119,-0.31715211272239685,-0.24271844327449799,-0.4336569607257843,-0.37216827273368835,-0.53721684217453,-0.469255656003952,-0.09061488509178162,-0.4757281541824341,-0.09385113418102264,-0.6990291476249695,-0.08737864345312119,-0.8381876945495605,-0.07119741290807724,-0.9611650705337524,0.055016182363033295,-0.469255656003952,0.11003236472606659,-0.7055016160011292,0.15210355818271637,-0.8640776872634888,0.19741100072860718,-1.0,0.16828478872776031,-0.4012944996356964,0.2880258858203888,-0.5922330021858215,0.3689320385456085,-0.7281553149223328,0.43689319491386414,-0.8543689250946045,0.25242719054222107,-0.291262149810791,0.41747573018074036,-0.37216827273368835,0.5307443141937256,-0.44012945890426636,0.6278316974639893,-0.5113268494606018
2,0.0,0.0,-0.20975609123706818,-0.0585365854203701,-0.3707317113876343,-0.16585366427898407,-0.5121951103210449,-0.2829268276691437,-0.5317073464393616,-0.4097560942173004,-0.18536585569381714,-0.4439024329185486,-0.3073170781135559,-0.5609756112098694,-0.4097560942173004,-0.5317073464393616,-0.44878047704696655,-0.4536585509777069,-0.1024390235543251,-0.5170731544494629,-0.17560975253582,-0.7268292903900146,-0.25853657722473145,-0.8536585569381714,-0.3219512104988098,-0.9658536314964294,0.004878048785030842,-0.5414634346961975,0.004878048785030842,-0.7512195110321045,-0.02926829271018505,-0.8926829099655151,-0.06829268485307693,-1.0,0.1024390235543251,-0.5121951103210449,0.18536585569381714,-0.6878048777580261,0.22439023852348328,-0.8243902325630188,0.2487804889678955,-0.9414634108543396
2,0.0,0.0,-0.15263158082962036,-0.1631578952074051,-0.21052631735801697,-0.3210526406764984,-0.2684210538864136,-0.4684210419654846,-0.2631579041481018,-0.6052631735801697,0.12631578743457794,-0.46315789222717285,0.04736842215061188,-0.6052631735801697,-0.08947368711233139,-0.6263157725334167,-0.18421052396297455,-0.5842105150222778,0.205263152718544,-0.5,0.25789472460746765,-0.7210526466369629,0.23157894611358643,-0.8736842274665833,0.21052631735801697,-1.0,0.28421053290367126,-0.5,0.4263157844543457,-0.699999988079071,0.4578947424888611,-0.8526315689086914,0.47894737124443054,-0.9631578922271729,0.3210526406764984,-0.47894737124443054,0.4894736707210541,-0.6263157725334167,0.5789473652839661,-0.7473683953285217,0.6526315808296204,-0.8578947186470032
2,0.0,0.0,-0.22842639684677124,0.005076142027974129,-0.4263959527015686,-0.03553299605846405,-0.5939086079597473,-0.06598984450101852,-0.7055837512016296,-0.14720812439918518,-0.3857868015766144,-0.39593908190727234,-0.5634517669677734,-0.4314720928668976,-0.6395938992500305,-0.32487308979034424,-0.6395938992500305,-0.22842639684677124,-0.3401015102863312,-0.48730963468551636,-0.5076141953468323,-0.6649746298789978,-0.6446700692176819,-0.7766497731208801,-0.7563451528549194,-0.8730964660644531,-0.2588832378387451,-0.5279187560081482,-0.34517765045166016,-0.7512690424919128,-0.44162437319755554,-0.8832487463951111,-0.5279187560081482,-0.989847719669342,-0.16243654489517212,-0.5126903653144836,-0.1675126850605011,-0.720812201499939,-0.19796954095363617,-0.8730964660644531,-0.22842639684677124,-1.0
2,0.0,0.0,-0.20187793672084808,0.07042253762483597,-0.3755868673324585,0.10328638553619385,-0.49295774102211,0.1690140813589096,-0.5821596384048462,0.22065727412700653,-0.5211267471313477,-0.11267605423927307,-0.6760563254356384,-0.03755868598818779,-0.6525821685791016,0.0845070406794548,-0.5962441563606262,0.17370891571044922,-0.5023474097251892,-0.16431924700737,-0.7136150002479553,-0.23943662643432617,-0.8685445785522461,-0.24413146078586578,-1.0,-0.2535211145877838,-0.43192487955093384,-0.18779343366622925,-0.5868544578552246,-0.35680750012397766,-0.7089201807975769,-0.4225352108478546,-0.8262910842895508,-0.47887325286865234,-0.32863849401474,-0.17370891571044922,-0.35680750012397766,-0.34272301197052,-0.4084506928920746,-0.43661972880363464,-0.46948355436325073,-0.5258215665817261
2,0.0,0.0,0.2466367781162262,-0.10762331634759903,0.3856502175331116,-0.2600896954536438,0.46188339591026306,-0.36771300435066223,0.4439461827278137,-0.3856502175331116,0.08968609571456909,-0.5381165742874146,0.24215246737003326,-0.6367713212966919,0.3363228738307953,-0.560538113117218,0.36771300435066223,-0.4529148042201996,-0.044843047857284546,-0.5381165742874146,0.0044843051582574844,-0.7578475475311279,0.044843047857284546,-0.8968609571456909,0.05829596519470215,-1.0,-0.15246637165546417,-0.48430493474006653,-0.20179371535778046,-0.6860986351966858,-0.21524663269519806,-0.8295964002609253,-0.21524663269519806,-0.9372197389602661,-0.22421523928642273,-0.3991031348705292,-0.3273542523384094,-0.5201793909072876,-0.3901345431804657,-0.6098654866218567,-0.43497759103775024,-0.6860986351966858
2,0.0,0.0,0.18784530460834503,-0.16022099554538727,0.28729280829429626,-0.3038673996925354,0.2900552451610565,-0.4447513818740845,0.17403315007686615,-0.4806629717350006,0.12154696136713028,-0.4558010995388031,0.13812154531478882,-0.5718231797218323,0.13535912334918976,-0.5055248737335205,0.1325966864824295,-0.4364641010761261,-0.027624309062957764,-0.4613259732723236,-0.04696132615208626,-0.7071823477745056,-0.06629834324121475,-0.8646408915519714,-0.0883977934718132,-1.0,-0.14917127788066864,-0.4171270728111267,-0.22928176820278168,-0.6298342347145081,-0.26795580983161926,-0.7762430906295776,-0.2845304012298584,-0.8922652006149292,-0.23756906390190125,-0.3425414264202118,-0.35082873702049255,-0.4917127192020416,-0.4226519465446472,-0.5718231797218323,-0.4806629717350006,-0.6629834175109863
2,0.0,0.0,-0.1953488439321518,-0.09302325546741486,-0.3372093141078949,-0.21162790060043335,-0.4558139443397522,-0.33023256063461304,-0.4883720874786377,-0.4674418568611145,-0.14651162922382355,-0.4558139443397522,-0.2581395208835602,-0.539534866809845,-0.3558139503002167,-0.5232558250427246,-0.4000000059604645,-0.4674418568611145,-0.05348837375640869,-0.5139535069465637,-0.09069767594337463,-0.7232558131217957,-0.13488371670246124,-0.8558139801025391,-0.16976743936538696,-0.974418580532074,0.055813953280448914,-0.5162790417671204,0.08139535039663315,-0.7279070019721985,0.08372092992067337,-0.8790697455406189,0.08604650944471359,-1.0,0.14883720874786377,-0.4767441749572754,0.24651162326335907,-0.6395348906517029,0.30930233001708984,-0.7674418687820435,0.367441862821579,-0.8813953399658203
2,0.0,0.0,-0.17293232679367065,-0.055137842893600464,-0.30576440691947937,-0.18546365201473236,-0.42355889081954956,-0.30075186491012573,-0.47117793560028076,-0.43609023094177246,-0.11278195679187775,-0.45614033937454224,-0.25563910603523254,-0.5714285969734192,-0.37343358993530273,-0.5112782120704651,-0.4310776889324188,-0.42355889081954956,-0.02255639061331749,-0.5062656402587891,-0.06516290456056595,-0.7368420958518982,-0.11779448390007019,-0.8796992301940918,-0.1654135286808014,-1.0,0.0827067643404007,-0.4987468719482422,0.10025062412023544,-0.7243107557296753,0.0827067643404007,-0.8746867179870605,0.060150377452373505,-0.9974937438964844,0.17042607069015503,-0.44611528515815735,0.27067670226097107,-0.61654132604599,0.3208020031452179,-0.7493734359741211,0.3583959937095642,-0.8671678900718689
2,0.0,0.0,-0.20876288414001465,-0.16237112879753113,-0.29123711585998535,-0.2860824763774872,-0.38917526602745056,-0.39432990550994873,-0.44329896569252014,-0.5206185579299927,-0.02835051529109478,-0.469072163105011,-0.17268040776252747,-0.5902062058448792,-0.30927833914756775,-0.5824742317199707,-0.38917526602745056,-0.5257731676101685,0.0335051529109478,-0.5077319741249084,0.002577319508418441,-0.7474226951599121,-0.06185567006468773,-0.876288652420044,-0.11855670064687729,-0.9768041372299194,0.08762886375188828,-0.5283505320549011,0.11340206116437912,-0.7680412530899048,0.08505154401063919,-0.907216489315033,0.07216494530439377,-1.0,0.1159793809056282,-0.5463917255401611,0.1855670064687729,-0.7268041372299194,0.22422680258750916,-0.842783510684967,0.26288658380508423,-0.9407216310501099
2,0.0,0.0,-0.23333333432674408,0.013333333656191826,-0.4466666579246521,0.0033333334140479565,-0.6166666746139526,0.009999999776482582,-0.7400000095367432,-0.036666665226221085,-0.47333332896232605,-0.3499999940395355,-0.6666666865348816,-0.3466666638851166,-0.7166666388511658,-0.2199999988079071,-0.7066666483879089,-0.1066666692495346,-0.4300000071525574,-0.4533333480358124,-0.6266666650772095,-0.6100000143051147,-0.7933333516120911,-0.6766666769981384,-0.9399999976158142,-0.7300000190734863,-0.3266666531562805,-0.5066666603088379,-0.4399999976158142,-0.7266666889190674,-0.5633333325386047,-0.8399999737739563,-0.6866666674613953,-0.9366666674613953,-0.19333332777023315,-0.4933333396911621,-0.18333333730697632,-0.70333331823349,-0.20999999344348907,-0.8566666841506958,-0.25,-1.0
2,0.0,0.0,-0.22171945869922638,0.04977375641465187,-0.4343891441822052,0.06787330657243729,-0.610859751701355,0.09954751282930374,-0.733031690120697,0.05429864302277565,-0.49321267008781433,-0.2986425459384918,-0.6877828240394592,-0.2760181128978729,-0.7285068035125732,-0.14027149975299835,-0.7058823704719543,-0.027149321511387825,-0.4751131236553192,-0.3936651647090912,-0.6832579374313354,-0.5203620195388794,-0.8552036285400391,-0.5565611124038696,-1.0,-0.5837104320526123,-0.39819005131721497,-0.4524886906147003,-0.5520362257957458,-0.651583731174469,-0.692307710647583,-0.733031690120697,-0.814479649066925,-0.7963801026344299,-0.2986425459384918,-0.4570135772228241,-0.33936652541160583,-0.6606335043907166,-0.40271493792533875,-0.7918552160263062,-0.47058823704719543,-0.9095022678375244
2,0.0,0.0,-0.21658986806869507,0.0552995391190052,-0.4285714328289032,0.06912442296743393,-0.599078357219696,0.09677419066429138,-0.7281106114387512,0.0552995391190052,-0.4838709533214569,-0.299539178609848,-0.6774193644523621,-0.2764976918697357,-0.7235022783279419,-0.14746543765068054,-0.7050691246986389,-0.036866359412670135,-0.460829496383667,-0.3963133692741394,-0.6728110313415527,-0.5161290168762207,-0.8479262590408325,-0.5437787771224976,-1.0,-0.5714285969734192,-0.3870967626571655,-0.4516128897666931,-0.539170503616333,-0.6497696042060852,-0.6866359710693359,-0.7373272180557251,-0.8156682252883911,-0.8018433451652527,-0.29032257199287415,-0.45622119307518005,-0.3317972421646118,-0.6589861512184143,-0.40092167258262634,-0.7926267385482788,-0.46543779969215393,-0.9078341126441956
2,0.0,0.0,-0.21461187303066254,0.0502283088862896,-0.4292237460613251,0.07305935770273209,-0.6027397513389587,0.10502283275127411,-0.7305936217308044,0.06392694264650345,-0.4840182662010193,-0.2831050157546997,-0.6803653240203857,-0.2557077705860138,-0.7260273694992065,-0.1278538852930069,-0.7077625393867493,-0.02283105067908764,-0.465753436088562,-0.37899544835090637,-0.6757990717887878,-0.49771690368652344,-0.8493150472640991,-0.5251141786575317,-1.0,-0.5479452013969421,-0.39269405603408813,-0.4337899684906006,-0.5479452013969421,-0.6301369667053223,-0.6940639019012451,-0.7168949842453003,-0.8264840245246887,-0.7808219194412231,-0.29680365324020386,-0.4383561611175537,-0.34246575832366943,-0.6438356041908264,-0.4109589159488678,-0.77625572681427,-0.4794520437717438,-0.8949771523475647
2,0.0,0.0,-0.21296297013759613,0.06018518656492233,-0.41203704476356506,0.09259258955717087,-0.5833333134651184,0.125,-0.7175925970077515,0.0833333358168602,-0.48148149251937866,-0.2777777910232544,-0.6712962985038757,-0.23148147761821747,-0.7037037014961243,-0.09259258955717087,-0.6712962985038757,0.018518518656492233,-0.46759259700775146,-0.375,-0.6851851940155029,-0.48148149251937866,-0.8518518805503845,-0.5046296119689941,-1.0,-0.5231481194496155,-0.39814814925193787,-0.43981480598449707,-0.5555555820465088,-0.625,-0.6898148059844971,-0.7083333134651184,-0.8194444179534912,-0.7731481194496155,-0.30092594027519226,-0.44907405972480774,-0.35648149251937866,-0.6435185074806213,-0.42129629850387573,-0.7777777910232544,-0.49074074625968933,-0.8935185074806213
2,0.0,0.0,-0.21088434755802155,0.04421768710017204,-0.3979591727256775,0.030612245202064514,-0.5646258592605591,0.0,-0.6870748400688171,-0.08503401279449463,-0.31292515993118286,-0.3163265287876129,-0.47959184646606445,-0.31292515993118286,-0.5748299360275269,-0.23469388484954834,-0.6122449040412903,-0.15986394882202148,-0.29591837525367737,-0.41496598720550537,-0.4625850319862366,-0.5714285969734192,-0.6020408272743225,-0.646258533000946,-0.7278911471366882,-0.7108843326568604,-0.2448979616165161,-0.4863945543766022,-0.3503401279449463,-0.7006802558898926,-0.4591836631298065,-0.8027210831642151,-0.5510203838348389,-0.8775510191917419,-0.190476194024086,-0.5136054158210754,-0.21088434755802155,-0.7312925457954407,-0.2448979616165161,-0.8741496801376343,-0.28911563754081726,-1.0
2,0.0,0.0,-0.19512194395065308,-0.05121951177716255,-0.3682926893234253,-0.14878049492835999,-0.5219511985778809,-0.23170731961727142,-0.5926828980445862,-0.34878048300743103,-0.2536585330963135,-0.45121949911117554,-0.4000000059604645,-0.5414634346961975,-0.49268293380737305,-0.48048779368400574,-0.5219511985778809,-0.3975609838962555,-0.17560975253582,-0.5292682647705078,-0.2756097614765167,-0.7268292903900146,-0.37560975551605225,-0.8439024686813354,-0.46097561717033386,-0.9439024329185486,-0.06585365533828735,-0.5512195229530334,-0.10000000149011612,-0.7634146213531494,-0.1609756052494049,-0.8926829099655151,-0.2195121943950653,-1.0,0.04146341606974602,-0.5170731544494629,0.1024390235543251,-0.6975609660148621,0.12439024448394775,-0.8365853428840637,0.13658536970615387,-0.9609755873680115
2,0.0,0.0,-0.2150259017944336,-0.10103627294301987,-0.33419689536094666,-0.19948185980319977,-0.46891191601753235,-0.2668393850326538,-0.5621761679649353,-0.3549222946166992,-0.15544041991233826,-0.4637305736541748,-0.3316062092781067,-0.5259067416191101,-0.4533678889274597,-0.46113988757133484,-0.515544056892395,-0.3756476640701294,-0.11139896512031555,-0.515544056892395,-0.20725388824939728,-0.7331606149673462,-0.3212435245513916,-0.8238341808319092,-0.4274611473083496,-0.8808290362358093,-0.06476683914661407,-0.5388600826263428,-0.0984455943107605,-0.787564754486084,-0.1865285038948059,-0.9067357778549194,-0.25388601422309875,-0.9792746305465698,-0.04404145106673241,-0.5414507985115051,-0.018134715035557747,-0.7512953281402588,-0.020725388079881668,-0.8886010646820068,-0.018134715035557747,-1.0
2,0.0,0.0,-0.1844262331724167,-0.08606557548046112,-0.30737704038619995,-0.17213115096092224,-0.44262295961380005,-0.23360656201839447,-0.5368852615356445,-0.3155737817287445,-0.14344261586666107,-0.4508196711540222,-0.30327868461608887,-0.5040983557701111,-0.4139344394207001,-0.4262295067310333,-0.4590163826942444,-0.33196720480918884,-0.09836065769195557,-0.5,-0.17622950673103333,-0.7090163826942444,-0.2786885201931,-0.8278688788414001,-0.3688524663448334,-0.9180327653884888,-0.04918032884597778,-0.5081967115402222,-0.06147541105747223,-0.7459016442298889,-0.11885245889425278,-0.8893442749977112,-0.16803278028964996,-1.0,-0.02459016442298889,-0.4836065471172333,0.028688523918390274,-0.6721311211585999,0.04918032884597778,-0.8073770403862,0.05737704783678055,-0.9303278923034668
2,0.0,0.0,-0.20769231021404266,-0.042307693511247635,-0.39230769872665405,-0.16923077404499054,-0.5192307829856873,-0.32307693362236023,-0.48846152424812317,-0.4653846025466919,-0.2884615361690521,-0.4346153736114502,-0.3807692229747772,-0.5615384578704834,-0.42692306637763977,-0.5769230723381042,-0.42692306637763977,-0.5423076748847961,-0.17307692766189575,-0.5115384459495544,-0.2538461685180664,-0.7384615540504456,-0.3115384578704834,-0.8807692527770996,-0.35769230127334595,-1.0,-0.03461538627743721,-0.5269230604171753,-0.05384615436196327,-0.7346153855323792,-0.07692307978868484,-0.8692307472229004,-0.10769230872392654,-0.9769230484962463,0.10769230872392654,-0.48846152424812317,0.17692308127880096,-0.642307698726654,0.22692307829856873,-0.75,0.26538461446762085,-0.8500000238418579
2,0.0,0.0,-0.18867924809455872,-0.09811320900917053,-0.31698113679885864,-0.2943396270275116,-0.36226415634155273,-0.498113214969635,-0.30188679695129395,-0.649056613445282,-0.2679245173931122,-0.46415093541145325,-0.32830187678337097,-0.6188679337501526,-0.31698113679885864,-0.6264150738716125,-0.28679245710372925,-0.5962263941764832,-0.15094339847564697,-0.505660355091095,-0.2037735879421234,-0.7471697926521301,-0.2188679277896881,-0.8830188512802124,-0.22641509771347046,-1.0,-0.02641509473323822,-0.49056604504585266,-0.022641509771347046,-0.6867924332618713,-0.030188679695129395,-0.8037735819816589,-0.04150943458080292,-0.9018868207931519,0.11320754885673523,-0.4377358555793762,0.18113207817077637,-0.5547170042991638,0.22264151275157928,-0.6188679337501526,0.24528302252292633,-0.6830188632011414
2,0.0,0.0,-0.17993079125881195,-0.08650518953800201,-0.3321799337863922,-0.2006920427083969,-0.47058823704719543,-0.2975778579711914,-0.529411792755127,-0.40830451250076294,-0.16955018043518066,-0.4636678099632263,-0.31833910942077637,-0.5501729846000671,-0.41868510842323303,-0.508650541305542,-0.46712803840637207,-0.439446359872818,-0.08650518953800201,-0.5259515643119812,-0.15916955471038818,-0.7370242476463318,-0.23183390498161316,-0.8719723224639893,-0.29411765933036804,-0.9826989769935608,0.013840830884873867,-0.5328719615936279,0.027681661769747734,-0.7439446449279785,-0.0034602077212184668,-0.8858131766319275,-0.041522491723299026,-1.0,0.10380622744560242,-0.4809688627719879,0.20761245489120483,-0.6470588445663452,0.25951558351516724,-0.775086522102356,0.29411765933036804,-0.8892733454704285
2,0.0,0.0,-0.16428571939468384,-0.18571428954601288,-0.24285714328289032,-0.30000001192092896,-0.35357141494750977,-0.37142857909202576,-0.46785715222358704,-0.4178571403026581,-0.0892857164144516,-0.5285714268684387,-0.27142858505249023,-0.6571428775787354,-0.38928571343421936,-0.6357142925262451,-0.4642857015132904,-0.5964285731315613,-0.07500000298023224,-0.5142857432365417,-0.2142857164144516,-0.7785714268684387,-0.3214285671710968,-0.9107142686843872,-0.40714284777641296,-0.9892857074737549,-0.11071428656578064,-0.4535714387893677,-0.21785713732242584,-0.7607142925262451,-0.3035714328289032,-0.8964285850524902,-0.37142857909202576,-1.0,-0.20000000298023224,-0.3857142925262451,-0.2571428716182709,-0.5892857313156128,-0.2928571403026581,-0.7142857313156128,-0.3285714387893677,-0.8285714387893677
2,0.0,0.0,-0.12452830374240875,-0.05283018946647644,-0.2037735879421234,-0.16981132328510284,-0.15849056839942932,-0.29056602716445923,-0.07169811427593231,-0.39245283603668213,-0.23018868267536163,-0.4528301954269409,-0.22641509771347046,-0.5811320543289185,-0.15471698343753815,-0.5245283246040344,-0.08679245412349701,-0.44528302550315857,-0.1320754736661911,-0.5132075548171997,-0.15471698343753815,-0.7320754528045654,-0.1471698135137558,-0.8716981410980225,-0.13584905862808228,-1.0,-0.02641509473323822,-0.505660355091095,-0.03396226465702057,-0.701886773109436,-0.02641509473323822,-0.8264151215553284,-0.030188679695129395,-0.947169840335846,0.09433962404727936,-0.44905659556388855,0.12452830374240875,-0.5811320543289185,0.1471698135137558,-0.6603773832321167,0.15849056839942932,-0.7433962225914001
2,0.0,0.0,-0.19615384936332703,-0.026923077180981636,-0.3730769157409668,-0.11923076957464218,-0.4923076927661896,-0.2192307710647583,-0.4692307710647583,-0.3346153795719147,-0.3115384578704834,-0.4000000059604645,-0.42307692766189575,-0.5230769515037537,-0.446153849363327,-0.48076921701431274,-0.42692306637763977,-0.4115384519100189,-0.20384615659713745,-0.48846152424812317,-0.29615384340286255,-0.7076923251152039,-0.35769230127334595,-0.8500000238418579,-0.4076923131942749,-0.9769230484962463,-0.06923077255487442,-0.5115384459495544,-0.0923076942563057,-0.7346153855323792,-0.11538461595773697,-0.8769230842590332,-0.14230769872665405,-1.0,0.06923077255487442,-0.4769230782985687,0.13461539149284363,-0.6346153616905212,0.17692308127880096,-0.75,0.20384615659713745,-0.857692301273346
2,0.0,0.0,-0.19838055968284607,-0.04858299717307091,-0.38056680560112,-0.1295546591281891,-0.5425100922584534,-0.18218623101711273,-0.6437246799468994,-0.2631579041481018,-0.29149797558784485,-0.43319839239120483,-0.4655870497226715,-0.49392712116241455,-0.5587044358253479,-0.41295546293258667,-0.5829959511756897,-0.3198380470275879,-0.23076923191547394,-0.5101214647293091,-0.3562752902507782,-0.7044534683227539,-0.4736842215061188,-0.8218623399734497,-0.5748987793922424,-0.9190283417701721,-0.1417004019021988,-0.5344129800796509,-0.18218623101711273,-0.76113361120224,-0.25506073236465454,-0.8947368264198303,-0.32793521881103516,-1.0,-0.04858299717307091,-0.4979757070541382,0.0,-0.6842105388641357,0.008097166195511818,-0.8218623399734497,0.008097166195511818,-0.9473684430122375
